type,prompt,text,title,topic,points,options,correct,accepted,rubric,explanation
heading,,This week: fractions and percentages,,,,,,,,
text,,"One hour. Start with a five-minute warm-up, then work through the examples together.",,,,,,,,
heading,,Warm-up,,,,,,,,
text,,Ask the student to name three fractions that are equal to one half. Write them in a row and look for the pattern.,,,,,,,,
heading,,Converting between forms,,,,,,,,
text,,"A percentage is a fraction out of 100. To turn a fraction into a percentage, make the denominator 100 (or divide and multiply by 100). Work through 3/4, 2/5 and 7/20 on the whiteboard.",,,,,,,,
heading,,Try together,,,,,,,,
mcq,Which fraction is equal to 40%?,,,Fractions to percentages,1,1/4|2/5|4/5|3/8,2/5,,,40/100 simplifies to 2/5.
fill,3/4 as a percentage is {{1}}%.,,,Fractions to percentages,1,,,75,,3/4 = 75/100.
short,Explain why 1/3 cannot be written as an exact whole-number percentage.,,,Reasoning,2,,,,Notes 100 is not divisible by 3|Gives 33.3...% as the recurring value,"1/3 = 33.333...%, a recurring decimal."
heading,,Wrap-up,,,,,,,,
text,,Student writes one sentence explaining how to convert a fraction to a percentage in their own words.,,,,,,,,
